"","ASV","min_d2s","max_d2s","mean_d2s","median_d2s","group","taxon1","taxon2","taxon3","taxon4","taxon5","mean_similarity"
"1","ASV100",738887.938484313,1144452.23705602,1009061.63337028,1072943.95552461,"benthic","Globothalamea","Rotaliida","Stainforthiidae","Stainforthia","Stainforthia_sp",0.923
"2","ASV1003",7636.3439032831,407907.079623575,267363.472341223,386546.993496812,"unassigned","unassigned","unassigned","","","",NA
"3","ASV1005",273493.092239242,667852.027674485,468764.930327792,466857.300698721,"benthic","Globothalamea","Textulariida","Lituolidae","Ammobaculites","Ammobaculites_rostratus",0.969
"4","ASV1013",65274.0726219047,321222.224126152,193248.148374028,193248.148374028,"unassigned","unassigned","unassigned","","","",NA
"5","ASV102",340339.586785523,340339.586785523,340339.586785523,340339.586785523,"unassigned","unassigned","unassigned","","","",NA
"6","ASV103",21916.4905658516,463376.907440582,181951.465222412,146976.262187428,"benthic","Monothalamea","CladeG","CladeG_X","CladeG_XX","CladeG_XX_sp",0.944
"7","ASV1031",311641.670255125,1083222.10316354,697431.88670933,697431.88670933,"unassigned","unassigned","unassigned","","","",NA
"8","ASV1044",240529.614661747,240529.614661747,240529.614661747,240529.614661747,"unassigned","unassigned","unassigned","","","",NA
"9","ASV105",54915.0953724897,468927.314364479,199993.625009015,187501.505610509,"benthic","Monothalamea","CladeC","CladeC_X","CladeC_XX","CladeC_XX_sp",1
"10","ASV1053",32589.4941201043,447633.831148953,190156.698440129,90246.7700513288,"benthic","Monothalamea","CladeG","CladeG_X","CladeG_XX","CladeG_XX_sp",0.926
"11","ASV1062",207072.595916623,270936.236778257,239004.41634744,239004.41634744,"benthic","Monothalamea","CladeG","CladeG_X","CladeG_XX","CladeG_XX_sp",0.938
"12","ASV1065",292954.052059369,511507.172237985,402230.612148677,402230.612148677,"benthic","Monothalamea","CladeC","CladeC_X","Toxisarcon","Toxisarcon_sp",0.922
"13","ASV107",32589.4941201043,468927.314364479,276687.019456521,262910.706997931,"benthic","Monothalamea","CladeB","CladeB_X","CladeB_XX","CladeB_XX_sp",1
"14","ASV1073",42960.6290146066,55726.3734476538,49343.5012311302,49343.5012311302,"benthic","Monothalamea","CladeB","CladeB_X","CladeB_XX","CladeB_XX_sp",0.973
"15","ASV1077",48021.198533344,353018.42342524,205748.468087607,196207.919144931,"benthic","Globothalamea","Textulariida","Trochamminidae","Tritaxis","Tritaxis_conica",0.912
"16","ASV108",21916.4905658516,352745.383890105,171846.518879399,184683.154633836,"benthic","Monothalamea","CladeD","Hippocrepinellidae","Hippocrepinella","Hippocrepinella_sp",0.984
"17","ASV1088",65274.0726219047,319038.01372169,153684.099801473,115212.156431148,"benthic","Monothalamea","Monothalamea_X","Monothalamea_XX","Monothalamea_XXX","Monothalamea_XXX_sp",0.954
"18","ASV109",75954.0584045058,386546.993496812,221499.540343056,198150.197497667,"benthic","Globothalamea","Rotaliida","Globobuliminidae","Globobulimina","Globobulimina_auriculata",0.993
"19","ASV1092",340339.586785523,340339.586785523,340339.586785523,340339.586785523,"unassigned","unassigned","unassigned","","","",NA
"20","ASV1093",135632.147788776,478274.35254863,302957.704675862,285344.462332052,"benthic","Monothalamea","CladeG","CladeG_X","CladeG_XX","CladeG_XX_sp",0.958
"21","ASV1094",363522.444844654,363522.444844654,363522.444844654,363522.444844654,"unassigned","unassigned","unassigned","","","",NA
"22","ASV1096",240529.614661747,906816.806696072,573673.21067891,573673.21067891,"benthic","Monothalamea","CladeA","CladeA_X","CladeA_XX","CladeA_XX_sp",0.927
"23","ASV11",35015.2323087072,1203929.98409536,460353.412879608,379766.148400505,"benthic","Globothalamea","Rotaliida","Stainforthiidae","Stainforthia","Stainforthia_sp",1
"24","ASV110",1045600.88370292,1062502.54750933,1054051.71560613,1054051.71560613,"benthic","Globothalamea","Rotaliida","Cibicididae","Cibicidoides","Cibicidoides_lobatulus",1
"25","ASV1108",272418.940791479,305811.394101557,289115.167446518,289115.167446518,"benthic","Monothalamea","ENFOR2","ENFOR2_X","ENFOR2_XX","ENFOR2_XX_sp",0.926
"26","ASV112",21916.4905658516,163511.947853067,99419.8042112305,93358.9219093912,"benthic","Globothalamea","Rotaliida","Notorotaliidae","Buccella","Buccella_sp",0.912
"27","ASV1140",213283.615331059,222683.198313936,217198.549669352,215628.835363062,"unassigned","unassigned","unassigned","","","",NA
"28","ASV1142",65274.0726219047,1207836.52525493,476299.650168679,316044.00139894,"unassigned","unassigned","unassigned","","","",NA
"29","ASV1144",280091.157503738,340339.586785523,310215.37214463,310215.37214463,"unassigned","unassigned","unassigned","","","",NA
"30","ASV115",21916.4905658516,1203929.98409536,413715.138141423,336632.253907621,"benthic","Monothalamea","CladeG","CladeG_X","CladeG_XX","CladeG_XX_sp",0.916
"31","ASV1150",1030952.26593743,1030952.26593743,1030952.26593743,1030952.26593743,"unassigned","unassigned","unassigned","","","",NA
"32","ASV1153",21916.4905658516,163511.947853067,85180.8322722755,77647.4453350919,"unassigned","unassigned","unassigned","","","",NA
"33","ASV116",7636.3439032831,697027.596674895,275941.905431226,123161.775715499,"unassigned","unassigned","unassigned","","","",NA
"34","ASV1164",280091.157503738,1170861.99940576,703491.336349774,660593.622719956,"benthic","Monothalamea","ENFOR","ENFOR_X","ENFOR_XX","ENFOR_XX_sp",0.932
"35","ASV1165",65274.0726219047,65274.0726219047,65274.0726219047,65274.0726219047,"unassigned","unassigned","unassigned","","","",NA
"36","ASV1167",340339.586785523,340339.586785523,340339.586785523,340339.586785523,"benthic","Monothalamea","CladeCON","CladeCON_X","Conqueria","Conqueria_bolivari",0.993
"37","ASV1169",32589.4941201043,96250.2797497349,60138.9661671517,55858.0453993838,"unassigned","unassigned","unassigned","","","",NA
"38","ASV117",305811.394101557,407907.079623575,369988.118604543,401554.379732724,"unassigned","unassigned","unassigned","","","",NA
"39","ASV1173",340339.586785523,388228.836803037,364284.21179428,364284.21179428,"unassigned","unassigned","unassigned","","","",NA
"40","ASV1175",35015.2323087072,222683.198313936,128849.215311321,128849.215311321,"benthic","Monothalamea","CladeC","CladeC_X","Pilulina","Pilulina_argentea",0.917
"41","ASV1184",240529.614661747,240529.614661747,240529.614661747,240529.614661747,"benthic","Globothalamea","Rotaliida","Pulleniidae","Pullenia","Pullenia_sp",0.937
"42","ASV1185",7636.3439032831,401554.379732724,204595.361818003,204595.361818003,"benthic","Monothalamea","CladeD","Hippocrepinellidae","Hippocrepinella","Hippocrepinella_sp",0.992
"43","ASV1191",65274.0726219047,140177.542810967,98566.1284947335,90246.7700513288,"unassigned","unassigned","unassigned","","","",NA
"44","ASV1195",48031.229720011,48031.229720011,48031.229720011,48031.229720011,"benthic","Monothalamea","CladeA","CladeA_X","CladeA_XX","CladeA_XX_sp",1
"45","ASV12",48021.198533344,1207836.52525493,755310.217624084,833341.709159897,"benthic","Globothalamea","Rotaliida","Rotaliida_X","Rotaliida_XX","Rotaliida_XX_sp",0.952
"46","ASV1206",42960.6290146066,42960.6290146066,42960.6290146066,42960.6290146066,"unassigned","unassigned","unassigned","","","",NA
"47","ASV121",48021.198533344,861096.211268488,287078.105271874,174969.163161969,"unassigned","unassigned","unassigned","","","",NA
"48","ASV1214",457334.51057453,681626.291238249,569480.40090639,569480.40090639,"unassigned","unassigned","unassigned","","","",NA
"49","ASV1223",805587.207051306,861096.211268488,833341.709159897,833341.709159897,"benthic","Monothalamea","CladeG","CladeG_X","CladeG_XX","CladeG_XX_sp",0.916
"50","ASV123",232740.68992777,1207836.52525493,903000.93288328,1067723.25151697,"benthic","Globothalamea","Rotaliida","Rotaliida_X","Rotaliida_XX","Rotaliida_XX_sp",1
"51","ASV1230",135632.147788776,200993.484679604,158279.061141523,138211.55095619,"benthic","Monothalamea","CladeC","CladeC_X","CladeC_XX","CladeC_XX_sp",1
"52","ASV1236",35015.2323087072,321222.224126152,184859.569636389,191600.411055349,"unassigned","unassigned","unassigned","","","",NA
"53","ASV124",21916.4905658516,1129754.57955922,439885.244246124,462677.079538901,"benthic","Monothalamea","CladeC","Bathyallogromiidae","Bathyallogromia","Bathyallogromia_kalaallita",0.993
"54","ASV1244",65274.0726219047,65274.0726219047,65274.0726219047,65274.0726219047,"unassigned","unassigned","unassigned","","","",NA
"55","ASV125",21916.4905658516,1207836.52525493,548727.717477499,365214.870665716,"benthic","Globothalamea","Rotaliida","Cassidulinidae","","",1
"56","ASV1253",240529.614661747,240529.614661747,240529.614661747,240529.614661747,"unassigned","unassigned","unassigned","","","",NA
"57","ASV1278",403451.383333803,647651.562205665,484851.442957757,403451.383333803,"benthic","Monothalamea","CladeY","CladeY_X","CladeY_XX","CladeY_XX_sp",0.99
"58","ASV13",7636.3439032831,1207836.52525493,332776.549462002,272484.344033142,"benthic","Monothalamea","CladeC","CladeC_X","Cylindrogullmia","Cylindrogullmia_alba",1
"59","ASV130",32589.4941201043,88314.7502125091,62059.4389848394,65274.0726219047,"benthic","Monothalamea","CladeC","CladeC_X","Hippocrepinella","Hippocrepinella_alba",0.904
"60","ASV1300",356483.631791926,407907.079623575,382195.355707751,382195.355707751,"benthic","Globothalamea","Textulariida","Reophacidae","Reophax","Reophax_pilulifera",1
"61","ASV1303",65274.0726219047,90246.7700513288,77760.4213366168,77760.4213366168,"unassigned","unassigned","unassigned","","","",NA
"62","ASV1304",273493.092239242,286708.370743014,280100.731491128,280100.731491128,"benthic","Globothalamea","Textulariida","Reophacidae","Reophax","Reophax_scorpiurus",0.976
"63","ASV1305",401554.379732724,407907.079623575,404730.729678149,404730.729678149,"benthic","Monothalamea","CladeG","CladeG_X","CladeG_XX","CladeG_XX_sp",0.924
"64","ASV1309",265866.367016045,265866.367016045,265866.367016045,265866.367016045,"benthic","Monothalamea","CladeB","Bowseriidae","","",0.903
"65","ASV1339",123073.308719948,353018.42342524,238045.866072594,238045.866072594,"benthic","Monothalamea","Monothalamea_X","Monothalamea_XX","Monothalamea_XXX","Monothalamea_XXX_sp",0.97
"66","ASV134",241006.639994117,1207836.52525493,567961.973707713,366907.296486779,"benthic","Globothalamea","Rotaliida","Cibicididae","Cibicidoides","Cibicidoides_sp",0.936
"67","ASV1350",219004.54113253,239722.282306493,229363.411719512,229363.411719512,"benthic","Monothalamea","CladeG","Shepheardellidae","Shepheardellidae_X","Shepheardellidae_X_sp",0.92
"68","ASV1358",65274.0726219047,90246.7700513288,77760.4213366168,77760.4213366168,"benthic","Monothalamea","ENFOR3","ENFOR3_X","ENFOR3_XX","ENFOR3_XX_sp",0.973
"69","ASV136",53889.687538777,1207836.52525493,323178.763072049,223531.685580962,"benthic","Monothalamea","CladeA","CladeA_X","CladeA_XX","CladeA_XX_sp",1
"70","ASV1361",123073.308719948,861096.211268488,398455.703451783,340339.586785523,"unassigned","unassigned","unassigned","","","",NA
"71","ASV1363",222683.198313936,491910.459986912,408856.433295178,460416.037439931,"unassigned","unassigned","unassigned","","","",NA
"72","ASV1365",447306.59486645,447306.59486645,447306.59486645,447306.59486645,"unassigned","unassigned","unassigned","","","",NA
"73","ASV1366",536307.788412428,906816.806696072,721562.29755425,721562.29755425,"unassigned","unassigned","unassigned","","","",NA
"74","ASV137",7636.3439032831,468927.314364479,220988.463528495,135632.147788776,"unassigned","unassigned","unassigned","","","",NA
"75","ASV1374",63215.9203628152,457334.51057453,249182.657519521,238090.09957037,"unassigned","unassigned","unassigned","","","",NA
"76","ASV138",65274.0726219047,241006.639994117,132175.827555783,90246.7700513288,"benthic","Monothalamea","CladeC","CladeC_X","Hippocrepinella","Hippocrepinella_alba",0.905
"77","ASV1389",222683.198313936,222683.198313936,222683.198313936,222683.198313936,"unassigned","unassigned","unassigned","","","",NA
"78","ASV139",46094.1938443774,693470.71843196,404057.727029894,388228.836803037,"benthic","Globothalamea","Rotaliida","Cibicididae","Cibicidoides","Cibicidoides_sp",0.952
"79","ASV14",54915.0953724897,1062502.54750933,336414.138710165,272418.940791479,"benthic","Globothalamea","Textulariida","Reophacidae","Reophax","Reophax_sp",0.943
"80","ASV1423",46094.1938443774,269254.062574363,147895.85921092,138117.590212469,"benthic","Globothalamea","Rotaliida","Nonionidae","Nonionellina","Nonionellina_labradorica",0.958
"81","ASV143",178987.128858961,1207836.52525493,539338.123079358,325674.429199245,"unassigned","unassigned","unassigned","","","",NA
"82","ASV1434",240529.614661747,240529.614661747,240529.614661747,240529.614661747,"unassigned","unassigned","unassigned","","","",NA
"83","ASV1439",226197.772569245,418614.854903911,322406.313736578,322406.313736578,"benthic","Monothalamea","CladeB","CladeB_X","Pelosina","Pelosina_sp",0.927
"84","ASV144",21916.4905658516,684434.687343133,299517.558632702,316766.586084411,"unassigned","unassigned","unassigned","","","",NA
"85","ASV1446",32589.4941201043,55726.3734476538,44157.933783879,44157.933783879,"benthic","Monothalamea","CladeM","CladeM_X","CladeM_XX","CladeM_XX_sp",0.969
"86","ASV1449",1118750.72207472,1118750.72207472,1118750.72207472,1118750.72207472,"unassigned","unassigned","unassigned","","","",NA
"87","ASV145",42960.6290146066,595205.587892054,249520.430555902,220476.300804617,"unassigned","unassigned","unassigned","","","",NA
"88","ASV1456",407907.079623575,407907.079623575,407907.079623575,407907.079623575,"benthic","Monothalamea","CladeBM","CladeBM_X","Micrometula","Micrometula_sp",0.968
"89","ASV1468",93358.9219093912,684434.687343133,384495.975384145,375694.316899911,"benthic","Monothalamea","CladeE","Psammophagidae","Psammophaga","Psammophaga_sp",0.928
"90","ASV147",805587.207051306,861096.211268488,833341.709159897,833341.709159897,"benthic","Globothalamea","Rotaliida","Rosalinidae","Rosalina","Rosalina_sp",1
"91","ASV1479",239722.282306493,239722.282306493,239722.282306493,239722.282306493,"unassigned","unassigned","unassigned","","","",NA
"92","ASV15",61935.9687607925,401554.379732724,173487.796166988,215665.850594646,"benthic","Monothalamea","ENFOR2","ENFOR2_X","ENFOR2_XX","ENFOR2_XX_sp",0.967
"93","ASV150",241006.639994117,1118750.72207472,631868.108966917,620664.590746737,"benthic","Globothalamea","Rotaliida","Cibicididae","Cibicidoides","Cibicidoides_sp",0.944
"94","ASV1501",388228.836803037,388228.836803037,388228.836803037,388228.836803037,"benthic","Monothalamea","Monothalamea_X","Monothalamea_XX","Monothalamea_XXX","Monothalamea_XXX_sp",0.966
"95","ASV1510",219004.54113253,280091.157503738,243945.462854679,232740.68992777,"unassigned","unassigned","unassigned","","","",NA
"96","ASV1512",32589.4941201043,32589.4941201043,32589.4941201043,32589.4941201043,"benthic","Monothalamea","CladeB","CladeB_X","CladeB_XX","CladeB_XX_sp",0.939
"97","ASV1521",1118750.72207472,1118750.72207472,1118750.72207472,1118750.72207472,"benthic","Globothalamea","Rotaliida","Uvigerinidae","Trifarina","Trifarina_earlandii",0.98
"98","ASV1534",407907.079623575,407907.079623575,407907.079623575,407907.079623575,"unassigned","unassigned","unassigned","","","",NA
"99","ASV1536",1072943.95552461,1072943.95552461,1072943.95552461,1072943.95552461,"benthic","Monothalamea","CladeB","CladeB_X","CladeB_XX","CladeB_XX_sp",0.992
"100","ASV154",7636.3439032831,1129754.57955922,354454.833179167,283966.590075142,"benthic","Monothalamea","CladeA","Limaxiidae","Limaxia","Limaxia_sp",1
"101","ASV155",61935.9687607925,551230.182308597,333446.840500112,462677.079538901,"benthic","Monothalamea","ENFOR2","ENFOR2_X","ENFOR2_XX","ENFOR2_XX_sp",0.992
"102","ASV1562",35015.2323087072,35015.2323087072,35015.2323087072,35015.2323087072,"unassigned","unassigned","unassigned","","","",NA
"103","ASV1565",32589.4941201043,32589.4941201043,32589.4941201043,32589.4941201043,"unassigned","unassigned","unassigned","","","",NA
"104","ASV157",90246.7700513288,123093.268052188,106670.019051759,106670.019051759,"unassigned","unassigned","unassigned","","","",NA
"105","ASV158",48021.198533344,409049.26841239,212836.999217749,199847.319548076,"benthic","Monothalamea","CladeE","Psammophagidae","Psammophaga","Psammophaga_sp",0.986
"106","ASV1598",491910.459986912,491910.459986912,491910.459986912,491910.459986912,"unassigned","unassigned","unassigned","","","",NA
"107","ASV16",46094.1938443774,1203929.98409536,456775.934542816,396225.07675385,"benthic","Globothalamea","Rotaliida","Cibicididae","Cibicides","Cibicides_sp",0.929
"108","ASV160",32589.4941201043,140177.542810967,83320.5259633628,88314.7502125091,"benthic","Monothalamea","CladeG","Shepheardellidae","Nemogullmia","Nemogullmia_sp",0.993
"109","ASV1601",35015.2323087072,35015.2323087072,35015.2323087072,35015.2323087072,"unassigned","unassigned","unassigned","","","",NA
"110","ASV1602",61935.9687607925,684434.687343133,373185.328051963,373185.328051963,"benthic","Monothalamea","CladeB","Bowseriidae","","",0.915
"111","ASV162",55726.3734476538,1144452.23705602,510147.837857366,447470.213007702,"benthic","Monothalamea","ENFOR3","ENFOR3_X","ENFOR3_XX","ENFOR3_XX_sp",0.973
"112","ASV1628",366907.296486779,366907.296486779,366907.296486779,366907.296486779,"unassigned","unassigned","unassigned","","","",NA
"113","ASV164",48031.229720011,805587.207051306,356126.684822227,318071.609085764,"benthic","Monothalamea","CladeG","Shepheardellidae","Nemogullmia","Nemogullmia_sp",0.972
"114","ASV1643",48021.198533344,317962.039557245,181677.431891159,180363.244737023,"benthic","Monothalamea","CladeB","CladeB_X","Pelosina","Pelosina_sp",0.992
"115","ASV167",292954.052059369,667852.027674485,410997.678796615,329449.87559692,"unassigned","unassigned","unassigned","","","",NA
"116","ASV168",165134.977546814,478274.35254863,318535.477125688,319038.01372169,"benthic","Globothalamea","Textulariida","Textulariida_X","Textulariida_XX","Textulariida_XX_sp",0.943
"117","ASV169",247907.481674047,366622.220343254,291156.241919072,292954.052059369,"unassigned","unassigned","unassigned","","","",NA
"118","ASV1693",32589.4941201043,32589.4941201043,32589.4941201043,32589.4941201043,"unassigned","unassigned","unassigned","","","",NA
"119","ASV1695",262910.706997931,262910.706997931,262910.706997931,262910.706997931,"benthic","Monothalamea","CladeB","Bowseriidae","","",0.942
"120","ASV1697",226197.772569245,226197.772569245,226197.772569245,226197.772569245,"benthic","Monothalamea","CladeB","CladeB_X","CladeB_XX","CladeB_XX_sp",0.921
"121","ASV17",54915.0953724897,468927.314364479,254884.655360524,305811.394101557,"benthic","Monothalamea","CladeC","CladeC_X","Toxisarcon","Toxisarcon_sp",1
"122","ASV170",42960.6290146066,705021.393081045,246255.185498735,226019.250272152,"unassigned","unassigned","unassigned","","","",NA
"123","ASV1700",32589.4941201043,32589.4941201043,32589.4941201043,32589.4941201043,"benthic","Monothalamea","CladeG","Shepheardellidae","Nemogullmia","Nemogullmia_sp",0.936
"124","ASV171",48031.229720011,409049.26841239,298983.858207129,369427.467348058,"benthic","Globothalamea","Rotaliida","Cibicididae","Cibicidoides","Cibicidoides_sp",0.93
"125","ASV1714",232740.68992777,385664.542569865,309202.616248818,309202.616248818,"benthic","Globothalamea","Rotaliida","Buliminidae","Bulimina","Bulimina_elongata",0.91
"126","ASV1718",65274.0726219047,65274.0726219047,65274.0726219047,65274.0726219047,"unassigned","unassigned","unassigned","","","",NA
"127","ASV172",48021.198533344,353018.42342524,205748.468087607,196207.919144931,"benthic","Monothalamea","CladeBM","CladeBM_X","Micrometula","Micrometula_sp",0.992
"128","ASV1737",42960.6290146066,239722.282306493,141341.45566055,141341.45566055,"unassigned","unassigned","unassigned","","","",NA
"129","ASV174",292954.052059369,329445.407648894,305698.506654211,294696.060254371,"benthic","Globothalamea","Textulariida","Trochamminidae","Trochammina","Trochammina_hadai",0.907
"130","ASV175",48021.198533344,398515.347910593,255370.321324835,304796.824679943,"unassigned","unassigned","unassigned","","","",NA
"131","ASV1759",61935.9687607925,130440.57652179,85197.4885484657,63215.9203628152,"unassigned","unassigned","unassigned","","","",NA
"132","ASV176",61935.9687607925,61935.9687607925,61935.9687607925,61935.9687607925,"benthic","Monothalamea","ENFOR2","ENFOR2_X","ENFOR2_XX","ENFOR2_XX_sp",0.975
"133","ASV1762",32589.4941201043,319038.01372169,162410.567597867,149007.381274837,"unassigned","unassigned","unassigned","","","",NA
"134","ASV1769",163511.947853067,362596.935390565,263054.441621816,263054.441621816,"unassigned","unassigned","unassigned","","","",NA
"135","ASV1775",32589.4941201043,32589.4941201043,32589.4941201043,32589.4941201043,"benthic","Monothalamea","CladeV","CladeV_X","CladeV_XX","CladeV_XX_sp",0.992
"136","ASV1777",1207836.52525493,1207836.52525493,1207836.52525493,1207836.52525493,"benthic","Monothalamea","Monothalamea_X","Monothalamea_XX","Monothalamea_XXX","Monothalamea_XXX_sp",0.932
"137","ASV178",326618.35092933,326618.35092933,326618.35092933,326618.35092933,"unassigned","unassigned","unassigned","","","",NA
"138","ASV1786",475026.816563709,475026.816563709,475026.816563709,475026.816563709,"benthic","Globothalamea","Rotaliida","Pseudoparrellidae","Epistominella","Epistominella_exigua",1
"139","ASV1789",42960.6290146066,1081900.31926245,562430.474138529,562430.474138529,"benthic","Monothalamea","CladeB","CladeB_X","CladeB_XX","CladeB_XX_sp",0.979
"140","ASV179",48031.229720011,340339.586785523,194185.408252767,194185.408252767,"benthic","Globothalamea","Rotaliida","Nonionidae","Nonionoides","Nonionoides_sp",0.915
"141","ASV18",16273.2134929709,1130224.20019479,462216.241954596,371158.268621582,"benthic","Monothalamea","CladeY","CladeY_X","","",1
"142","ASV180",61935.9687607925,1170861.99940576,392334.295788956,321879.867432942,"unassigned","unassigned","unassigned","","","",NA
"143","ASV1802",90246.7700513288,90246.7700513288,90246.7700513288,90246.7700513288,"benthic","Monothalamea","CladeB","Bowseriidae","","",0.951
"144","ASV184",90246.7700513288,1170861.99940576,627146.484192366,620664.590746737,"benthic","Globothalamea","Rotaliida","Cibicididae","Cibicidoides","Cibicidoides_sp",0.936
"145","ASV1842",853587.233148531,853587.233148531,853587.233148531,853587.233148531,"unassigned","unassigned","unassigned","","","",NA
"146","ASV185",240529.614661747,906816.806696072,566470.487778717,501075.72862148,"unassigned","unassigned","unassigned","","","",NA
"147","ASV1858",1061740.27088334,1061740.27088334,1061740.27088334,1061740.27088334,"unassigned","unassigned","unassigned","","","",NA
"148","ASV1861",465843.66883053,465843.66883053,465843.66883053,465843.66883053,"benthic","Monothalamea","CladeY","CladeY_X","Nujappikia","Nujappikia_idaliae",0.98
"149","ASV187",42960.6290146066,595205.587892054,319083.10845333,319083.10845333,"benthic","Monothalamea","Monothalamea_X","Monothalamea_XX","ICEMON_5","ICEMON_5_sp",0.926
"150","ASV1878",163511.947853067,468927.314364479,316219.631108773,316219.631108773,"benthic","Monothalamea","CladeG","CladeG_X","CladeG_XX","CladeG_XX_sp",0.979
"151","ASV1880",280091.157503738,280091.157503738,280091.157503738,280091.157503738,"unassigned","unassigned","unassigned","","","",NA
"152","ASV19",240529.614661747,1207836.52525493,1002679.7423023,1062121.40919633,"unassigned","unassigned","unassigned","","","",NA
"153","ASV1900",42960.6290146066,42960.6290146066,42960.6290146066,42960.6290146066,"unassigned","unassigned","unassigned","","","",NA
"154","ASV1924",465843.66883053,465843.66883053,465843.66883053,465843.66883053,"benthic","Monothalamea","CladeG","Shepheardellidae","Shepheardellidae_X","Shepheardellidae_X_sp",0.931
"155","ASV193",65274.0726219047,646498.533140049,281008.155453784,232960.027437869,"unassigned","unassigned","unassigned","","","",NA
"156","ASV1949",536307.788412428,1118750.72207472,827529.255243575,827529.255243575,"benthic","Globothalamea","Rotaliida","Bolivinitidae","Bolivina","Bolivina_sp",0.911
"157","ASV195",46094.1938443774,363522.444844654,215628.65514732,226448.990950125,"benthic","Globothalamea","Rotaliida","Epistomariidae","Nuttallides","Nuttallides_sp",0.903
"158","ASV196",42960.6290146066,1170861.99940576,531063.724198667,467601.933040278,"unassigned","unassigned","unassigned","","","",NA
"159","ASV1974",166310.636733811,166310.636733811,166310.636733811,166310.636733811,"unassigned","unassigned","unassigned","","","",NA
"160","ASV1979",232740.68992777,363522.444844654,298131.567386212,298131.567386212,"benthic","Monothalamea","ENFOR","ENFOR_X","ENFOR_XX","ENFOR_XX_sp",0.942
"161","ASV200",48031.229720011,616165.852358866,317742.345217437,280091.157503738,"benthic","Globothalamea","Rotaliida","Chilostomellidae","Chilostomella","Chilostomella_ovoidea",0.931
"162","ASV2005",415280.795810297,415280.795810297,415280.795810297,415280.795810297,"benthic","Monothalamea","Monothalamea_X","Monothalamea_XX","Monothalamea_XXX","Monothalamea_XXX_sp",0.932
"163","ASV2010",61935.9687607925,61935.9687607925,61935.9687607925,61935.9687607925,"unassigned","unassigned","unassigned","","","",NA
"164","ASV2011",1118750.72207472,1118750.72207472,1118750.72207472,1118750.72207472,"unassigned","unassigned","unassigned","","","",NA
"165","ASV2017",345818.847325268,345818.847325268,345818.847325268,345818.847325268,"benthic","Monothalamea","Monothalamea_X","Monothalamea_XX","Monothalamea_XXX","Monothalamea_XXX_sp",0.992
"166","ASV202",123073.308719948,738887.938484313,412024.389930003,463376.907440582,"benthic","Globothalamea","Rotaliida","Nummulitidae","Cycloclypeus","Cycloclypeus_carpenteri",0.912
"167","ASV205",228203.950704928,365307.0875536,296755.519129264,296755.519129264,"unassigned","unassigned","unassigned","","","",NA
"168","ASV206",54915.0953724897,1203929.98409536,421156.489363368,325991.459194313,"unassigned","unassigned","unassigned","","","",NA
"169","ASV2071",48031.229720011,388228.836803037,218130.033261524,218130.033261524,"benthic","Monothalamea","ENFOR7","ENFOR7_X","ENFOR7_XX","ENFOR7_XX_sp",0.993
"170","ASV2078",239722.282306493,239722.282306493,239722.282306493,239722.282306493,"benthic","Monothalamea","ENFOR","ENFOR_X","ENFOR_XX","ENFOR_XX_sp",0.928
"171","ASV208",340339.586785523,805587.207051306,572963.396918414,572963.396918414,"unassigned","unassigned","unassigned","","","",NA
"172","ASV209",32589.4941201043,478274.35254863,274231.158526508,314850.848876766,"unassigned","unassigned","unassigned","","","",NA
"173","ASV21",32589.4941201043,1207836.52525493,387059.675258152,220865.59859268,"benthic","Monothalamea","CladeG","Shepheardellidae","Shepheardellidae_X","Shepheardellidae_X_sp",0.923
"174","ASV2100",906816.806696072,906816.806696072,906816.806696072,906816.806696072,"unassigned","unassigned","unassigned","","","",NA
"175","ASV211",61935.9687607925,628032.577145303,371183.534471648,308947.976993894,"unassigned","unassigned","unassigned","","","",NA
"176","ASV2111",240529.614661747,240529.614661747,240529.614661747,240529.614661747,"unassigned","unassigned","unassigned","","","",NA
"177","ASV2120",474415.56191831,474415.56191831,474415.56191831,474415.56191831,"benthic","Monothalamea","CladeV","CladeV_X","CladeV_XX","CladeV_XX_sp",1
"178","ASV214",65274.0726219047,262910.706997931,189784.359172021,241006.639994117,"benthic","Monothalamea","CladeG","CladeG_X","CladeG_XX","CladeG_XX_sp",0.938
"179","ASV215",48021.198533344,353018.42342524,193047.349190255,123161.775715499,"benthic","Monothalamea","CladeY","CladeY_X","CladeY_XX","CladeY_XX_sp",0.941
"180","ASV2160",583972.793944275,583972.793944275,583972.793944275,583972.793944275,"unassigned","unassigned","unassigned","","","",NA
"181","ASV221",146160.67331444,681626.291238249,337060.806954223,304796.824679943,"benthic","Globothalamea","Rotaliida","Nonionidae","Nonionellina","Nonionellina_labradorica",1
"182","ASV222",32589.4941201043,1117663.57353705,625704.445882035,676282.357935495,"benthic","Globothalamea","Rotaliida","Cibicididae","Cibicidoides","Cibicidoides_lobatulus",1
"183","ASV224",240529.614661747,1207836.52525493,661557.976109703,536307.788412428,"benthic","Globothalamea","Rotaliida","Pulleniidae","Pullenia","Pullenia_sp",0.944
"184","ASV225",65274.0726219047,1207836.52525493,531259.344036332,342972.655104234,"benthic","Monothalamea","CladeC","CladeC_X","CladeC_XX","CladeC_XX_sp",0.909
"185","ASV226",42960.6290146066,239722.282306493,141341.45566055,141341.45566055,"unassigned","unassigned","unassigned","","","",NA
"186","ASV227",269254.062574363,269254.062574363,269254.062574363,269254.062574363,"unassigned","unassigned","unassigned","","","",NA
"187","ASV228",166310.636733811,1081900.31926245,553313.742000121,537027.933138279,"benthic","Globothalamea","Textulariida","Ammosphaeroidinidae","Cribrostomoides","Cribrostomoides_sp",1
"188","ASV2304",366907.296486779,366907.296486779,366907.296486779,366907.296486779,"unassigned","unassigned","unassigned","","","",NA
"189","ASV231",48031.229720011,409049.26841239,275852.877938999,295915.407850013,"benthic","Monothalamea","CladeD","Hippocrepinellidae","Hippocrepinella","Hippocrepinella_sp",0.984
"190","ASV2312",65274.0726219047,321222.224126152,193248.148374028,193248.148374028,"unassigned","unassigned","unassigned","","","",NA
"191","ASV233",42960.6290146066,705021.393081045,300624.166956712,305811.394101557,"benthic","Globothalamea","Rotaliida","Elphidiidae","Elphidium","Elphidium_excavatum",1
"192","ASV2345",465843.66883053,465843.66883053,465843.66883053,465843.66883053,"unassigned","unassigned","unassigned","","","",NA
"193","ASV237",65274.0726219047,90246.7700513288,77760.4213366168,77760.4213366168,"unassigned","unassigned","unassigned","","","",NA
"194","ASV238",135632.147788776,305811.394101557,216055.596868586,228203.950704928,"benthic","Monothalamea","CladeL_O","CladeL_O_X","","",0.914
"195","ASV239",46094.1938443774,1207836.52525493,507810.078826668,320787.762230711,"benthic","Globothalamea","Rotaliida","Globorotaliidae","Globorotalia","Globorotalia_scitula",0.916
"196","ASV24",240529.614661747,861096.211268488,675402.493920759,799992.0748764,"benthic","Globothalamea","Rotaliida","Rosalinidae","Rosalina","Rosalina_sp",1
"197","ASV240",21916.4905658516,262910.706997931,187686.81310988,232960.027437869,"unassigned","unassigned","unassigned","","","",NA
"198","ASV241",32589.4941201043,239722.282306493,105090.801813735,42960.6290146066,"benthic","Monothalamea","CladeB","CladeB_X","CladeB_XX","CladeB_XX_sp",0.993
"199","ASV242",32589.4941201043,90246.7700513288,55265.6310620132,42960.6290146066,"unassigned","unassigned","unassigned","","","",NA
"200","ASV2426",93358.9219093912,93358.9219093912,93358.9219093912,93358.9219093912,"benthic","Monothalamea","CladeG","CladeG_X","CladeG_XX","CladeG_XX_sp",0.91
"201","ASV245",35015.2323087072,35015.2323087072,35015.2323087072,35015.2323087072,"unassigned","unassigned","unassigned","","","",NA
"202","ASV2489",256952.073744236,256952.073744236,256952.073744236,256952.073744236,"benthic","Globothalamea","Rotaliida","Pseudoparrellidae","Stetsonia","Stetsonia_sp",0.992
"203","ASV249",48031.229720011,684434.687343133,332393.980235904,388228.836803037,"unassigned","unassigned","unassigned","","","",NA
"204","ASV250",65274.0726219047,123093.268052188,92871.3702418073,90246.7700513288,"benthic","Monothalamea","CladeG","Shepheardellidae","Nemogullmia","Nemogullmia_sp",0.9
"205","ASV2512",55726.3734476538,55726.3734476538,55726.3734476538,55726.3734476538,"benthic","Monothalamea","Monothalamea_X","Monothalamea_XX","Monothalamea_XXX","Monothalamea_XXX_sp",0.924
"206","ASV254",21916.4905658516,409049.26841239,236365.896901808,248519.634483834,"benthic","Globothalamea","Textulariida","Reophacidae","","",1
"207","ASV2552",861096.211268488,861096.211268488,861096.211268488,861096.211268488,"benthic","Globothalamea","Textulariida","Trochamminidae","Tritaxis","Tritaxis_conica",1
"208","ASV2553",240529.614661747,240529.614661747,240529.614661747,240529.614661747,"benthic","Globothalamea","Rotaliida","Rotaliida_X","Rotaliida_XX","Rotaliida_XX_sp",0.986
"209","ASV2574",228500.596020837,228500.596020837,228500.596020837,228500.596020837,"benthic","Monothalamea","Monothalamea_X","Monothalamea_XX","Monothalamea_XXX","Monothalamea_XXX_sp",0.932
"210","ASV258",46094.1938443774,375694.316899911,210348.867676523,178987.128858961,"unassigned","unassigned","unassigned","","","",NA
"211","ASV259",42960.6290146066,705021.393081045,304177.170668551,305811.394101557,"benthic","Globothalamea","Rotaliida","Elphidiidae","Elphidium","Elphidium_excavatum",0.992
"212","ASV260",54915.0953724897,705021.393081045,369815.050691821,400027.724131667,"unassigned","unassigned","unassigned","","","",NA
"213","ASV261",42960.6290146066,1203929.98409536,505917.472508251,373966.438201835,"benthic","Monothalamea","CladeC","CladeC_X","","",0.958
"214","ASV262",48021.198533344,353018.42342524,198341.748313224,196163.685647156,"benthic","Monothalamea","Monothalamea_X","Monothalamea_XX","Monothalamea_XXX","Monothalamea_XXX_sp",0.905
"215","ASV263",32589.4941201043,262910.706997931,154009.831150721,207072.595916623,"benthic","Monothalamea","CladeG","Shepheardellidae","Shepheardellidae_X","Shepheardellidae_X_sp",0.91
"216","ASV2659",407907.079623575,407907.079623575,407907.079623575,407907.079623575,"unassigned","unassigned","unassigned","","","",NA
"217","ASV266",21916.4905658516,681626.291238249,351771.39090205,351771.39090205,"benthic","Monothalamea","CladeG","Shepheardellidae","Nemogullmia","Nemogullmia_sp",0.938
"218","ASV268",93358.9219093912,1113610.09769498,459317.841045202,409049.26841239,"benthic","Monothalamea","CladeY","CladeY_X","CladeY_XX","CladeY_XX_sp",0.99
"219","ASV2688",54915.0953724897,54915.0953724897,54915.0953724897,54915.0953724897,"benthic","Monothalamea","CladeG","CladeG_X","CladeG_XX","CladeG_XX_sp",0.932
"220","ASV269",1081900.31926245,1129754.57955922,1105827.44941084,1105827.44941084,"benthic","Monothalamea","CladeG","","","",0.924
"221","ASV27",46094.1938443774,1130224.20019479,478061.00217988,386546.993496812,"benthic","Globothalamea","Textulariida","Ammosphaeroidinidae","Cribrostomoides","Cribrostomoides_jeffreysii",0.915
"222","ASV274",65274.0726219047,366907.296486779,177305.609441264,123093.268052188,"benthic","Monothalamea","Monothalamea_X","Monothalamea_XX","Monothalamea_XXX","Monothalamea_XXX_sp",0.927
"223","ASV2747",536307.788412428,536307.788412428,536307.788412428,536307.788412428,"benthic","Globothalamea","Rotaliida","Bolivinitidae","Bolivina","Bolivina_alata",0.969
"224","ASV277",123073.308719948,468927.314364479,309550.388694865,361618.133188541,"benthic","Monothalamea","Monothalamea_X","Monothalamea_XX","Monothalamea_XXX","Monothalamea_XXX_sp",0.977
"225","ASV278",130440.57652179,356483.631791926,236393.393340103,222011.472528873,"unassigned","unassigned","unassigned","","","",NA
"226","ASV279",247907.481674047,256952.073744236,251676.904594776,250171.158366044,"benthic","Globothalamea","Rotaliida","Pseudoparrellidae","Stetsonia","Stetsonia_sp",0.977
"227","ASV280",35015.2323087072,326618.35092933,229417.311389122,326618.35092933,"unassigned","unassigned","unassigned","","","",NA
"228","ASV281",54915.0953724897,684434.687343133,339776.31719106,382075.657561644,"benthic","Monothalamea","Monothalamea_X","Monothalamea_XX","Monothalamea_XXX","Monothalamea_XXX_sp",0.903
"229","ASV282",853587.233148531,906816.806696072,880202.019922302,880202.019922302,"benthic","Globothalamea","Textulariida","Reophacidae","Reophax","Reophax_dentaliniformis",0.992
"230","ASV284",35015.2323087072,647006.230654427,363598.796026798,329454.343544947,"benthic","Monothalamea","CladeG","CladeG_X","CladeG_XX","CladeG_XX_sp",0.959
"231","ASV286",54915.0953724897,407907.079623575,230463.666432466,231745.174246758,"benthic","Monothalamea","CladeG","Shepheardellidae","Nemogullmia","Nemogullmia_sp",0.937
"232","ASV288",240529.614661747,536307.788412428,388418.701537088,388418.701537088,"unassigned","unassigned","unassigned","","","",NA
"233","ASV289",35015.2323087072,551230.182308597,323267.910736757,329454.343544947,"benthic","Globothalamea","Rotaliida","Buliminidae","Bulimina","Bulimina_elongata",0.913
"234","ASV29",35015.2323087072,1203929.98409536,449801.941335123,366622.220343254,"benthic","Monothalamea","CladeY","CladeY_X","CladeY_XX","CladeY_XX_sp",1
"235","ASV290",57826.4032599906,366907.296486779,188968.53484618,165570.219818975,"unassigned","unassigned","unassigned","","","",NA
"236","ASV2935",57826.4032599906,57826.4032599906,57826.4032599906,57826.4032599906,"unassigned","unassigned","unassigned","","","",NA
"237","ASV3",21916.4905658516,1130224.20019479,423764.442941361,346679.005105382,"benthic","Monothalamea","CladeBM","CladeBM_X","Micrometula","Micrometula_sp",1
"238","ASV30",226776.550608439,292954.052059369,268328.713102697,276792.12487149,"benthic","Globothalamea","Rotaliida","Buliminellidae","Buliminella","Buliminella_elegantissima",0.902
"239","ASV302",42960.6290146066,398515.347910593,230583.491935314,242435.454074287,"unassigned","unassigned","unassigned","","","",NA
"240","ASV305",240529.614661747,240529.614661747,240529.614661747,240529.614661747,"unassigned","unassigned","unassigned","","","",NA
"241","ASV306",220476.300804617,906816.806696072,385063.654392598,319038.01372169,"benthic","Monothalamea","ENFOR8","ENFOR8_X","ENFOR8_XX","ENFOR8_XX_sp",0.91
"242","ASV308",256952.073744236,308164.630942187,282558.352343212,282558.352343212,"benthic","Monothalamea","CladeC","CladeC_X","","",0.918
"243","ASV31",7636.3439032831,705021.393081045,369997.555955906,362596.935390565,"benthic","Globothalamea","Rotaliida","Cibicididae","Cibicides","Cibicides_fletcheri",1
"244","ASV310",48031.229720011,1117663.57353705,531532.968670225,388768.487284111,"benthic","Monothalamea","CladeY","CladeY_X","CladeY_XX","CladeY_XX_sp",0.99
"245","ASV312",46094.1938443774,375694.316899911,273178.974502118,283034.752731468,"unassigned","unassigned","unassigned","","","",NA
"246","ASV314",21916.4905658516,93358.9219093912,58589.5739909755,59065.5078676525,"benthic","Monothalamea","CladeG","Shepheardellidae","Nemogullmia","Nemogullmia_sp",0.903
"247","ASV315",32589.4941201043,32589.4941201043,32589.4941201043,32589.4941201043,"unassigned","unassigned","unassigned","","","",NA
"248","ASV316",186144.207812431,240482.733608616,204257.049744493,186144.207812431,"benthic","Tubothalamea","Miliolida","Hauerinidae","Pyrgo","Pyrgo_elongata",1
"249","ASV318",55726.3734476538,270936.236778257,150796.664368439,110190.206765948,"benthic","Monothalamea","CladeG","CladeG_X","CladeG_XX","CladeG_XX_sp",0.931
"250","ASV32",48021.198533344,622521.966496129,250962.116033466,269254.062574363,"benthic","Monothalamea","CladeE","Psammophagidae","Psammophaga","Psammophaga_sp",1
"251","ASV320",213283.615331059,326618.35092933,244553.499984347,219156.016838499,"unassigned","unassigned","unassigned","","","",NA
"252","ASV328",61935.9687607925,468927.314364479,246665.201798368,163511.947853067,"unassigned","unassigned","unassigned","","","",NA
"253","ASV329",123073.308719948,478274.35254863,241849.075275388,183356.073488513,"benthic","Monothalamea","CladeB","CladeB_X","Psammosphaera_like","Psammosphaera_like_sp",1
"254","ASV33",48021.198533344,1061740.27088334,324900.644638795,352745.383890105,"benthic","Globothalamea","Rotaliida","Globobuliminidae","Globobulimina","Globobulimina_auriculata",0.985
"255","ASV330",135632.147788776,305811.394101557,193218.364282174,138211.55095619,"benthic","Monothalamea","CladeY","CladeY_X","CladeY_XX","CladeY_XX_sp",0.99
"256","ASV331",65274.0726219047,319038.01372169,192156.043171797,192156.043171797,"benthic","Globothalamea","Rotaliida","Cassidulinidae","Cassidulina","Cassidulina_sp",0.988
"257","ASV332",65274.0726219047,1207836.52525493,470543.645367273,228544.647156588,"benthic","Monothalamea","CladeG","Shepheardellidae","Nemogullmia","Nemogullmia_sp",0.936
"258","ASV333",48021.198533344,340339.586785523,162716.377672135,123117.542217724,"benthic","Globothalamea","Textulariida","Textulariida_X","Textulariida_XX","Textulariida_XX_sp",1
"259","ASV334",123073.308719948,353018.42342524,221161.197631992,205315.245873834,"benthic","Monothalamea","Monothalamea_X","Monothalamea_XX","Monothalamea_XXX","Monothalamea_XXX_sp",0.977
"260","ASV335",226776.550608439,805587.207051306,475702.705992423,484828.464939879,"unassigned","unassigned","unassigned","","","",NA
"261","ASV34",123073.308719948,353018.42342524,218446.967891161,205315.245873834,"unassigned","unassigned","unassigned","","","",NA
"262","ASV341",32589.4941201043,705021.393081045,368544.759542871,317962.039557245,"unassigned","unassigned","unassigned","","","",NA
"263","ASV343",240529.614661747,240529.614661747,240529.614661747,240529.614661747,"benthic","Globothalamea","Rotaliida","Cibicididae","Cibicidoides","Cibicidoides_dispars",0.951
"264","ASV345",7636.3439032831,622521.966496129,254379.359269891,232591.851392527,"benthic","Monothalamea","CladeA","CladeA_X","CladeA_XX","CladeA_XX_sp",0.985
"265","ASV348",187501.505610509,1207836.52525493,797270.139233509,1059972.47045464,"unassigned","unassigned","unassigned","","","",NA
"266","ASV349",240529.614661747,536307.788412428,388418.701537088,388418.701537088,"unassigned","unassigned","unassigned","","","",NA
"267","ASV35",32589.4941201043,646498.533140049,221683.35739421,241038.174809832,"unassigned","unassigned","unassigned","","","",NA
"268","ASV351",90246.7700513288,1207836.52525493,547097.952263477,353529.053188817,"benthic","Globothalamea","Rotaliida","Cibicididae","Cibicides","Cibicides_sp",0.944
"269","ASV358",54915.0953724897,130440.57652179,92677.8359471396,92677.8359471396,"unassigned","unassigned","unassigned","","","",NA
"270","ASV360",240529.614661747,240529.614661747,240529.614661747,240529.614661747,"unassigned","unassigned","unassigned","","","",NA
"271","ASV361",61935.9687607925,1207836.52525493,411629.172061627,331344.160315294,"benthic","Monothalamea","CladeG","Shepheardellidae","Shepheardellidae_X","Shepheardellidae_X_sp",0.978
"272","ASV364",265866.367016045,1083222.10316354,504761.249689812,405831.258077899,"benthic","Monothalamea","CladeC","CladeC_X","Gloiogullmia","Gloiogullmia_sp",1
"273","ASV365",363522.444844654,398515.347910593,381018.896377623,381018.896377623,"benthic","Globothalamea","Textulariida","Reophacidae","","",0.992
"274","ASV368",35015.2323087072,35015.2323087072,35015.2323087072,35015.2323087072,"benthic","Monothalamea","CladeG","CladeG_X","CladeG_XX","CladeG_XX_sp",0.903
"275","ASV379",240482.733608616,407907.079623575,318067.069111249,305811.394101557,"benthic","Monothalamea","CladeA","CladeA_X","CladeA_XX","CladeA_XX_sp",0.914
"276","ASV38",80619.1921938428,1062502.54750933,309936.18458358,228203.950704928,"benthic","Globothalamea","Rotaliida","Globobuliminidae","Globobulimina","Globobulimina_auriculata",0.993
"277","ASV385",294696.060254371,491910.459986912,417797.157762033,490391.546565313,"benthic","Globothalamea","Rotaliida","Alabaminidae","Oridorsalis","Oridorsalis_sp",1
"278","ASV387",21916.4905658516,362596.935390565,161932.829336366,163511.947853067,"benthic","Monothalamea","CladeG","CladeG_X","CladeG_XX","CladeG_XX_sp",0.944
"279","ASV388",226776.550608439,366907.296486779,306058.115732826,311739.658196287,"unassigned","unassigned","unassigned","","","",NA
"280","ASV390",21916.4905658516,1144452.23705602,415308.626005689,270936.236778257,"benthic","Monothalamea","ENFOR2","ENFOR2_X","ENFOR2_XX","ENFOR2_XX_sp",0.927
"281","ASV392",48021.198533344,684434.687343133,348070.047948316,341634.563555422,"benthic","Globothalamea","Textulariida","Trochamminidae","Trochammina","Trochammina_hadai",0.93
"282","ASV394",54915.0953724897,551230.182308597,324642.975654587,352745.383890105,"benthic","Monothalamea","Monothalamea_X","Monothalamea_XX","Monothalamea_XXX","Monothalamea_XXX_sp",0.903
"283","ASV397",311641.670255125,491910.459986912,430905.202844784,447633.831148953,"benthic","Globothalamea","Rotaliida","Cibicididae","Cibicidoides","Cibicidoides_sp",1
"284","ASV40",42960.6290146066,1088175.07493381,392402.422565286,311739.658196287,"unassigned","unassigned","unassigned","","","",NA
"285","ASV403",292954.052059369,446416.512961551,350337.411758682,311641.670255125,"unassigned","unassigned","unassigned","","","",NA
"286","ASV404",21916.4905658516,262910.706997931,134897.239221474,130440.57652179,"benthic","Monothalamea","ENFOR8","ENFOR8_X","ENFOR8_XX","ENFOR8_XX_sp",0.9
"287","ASV407",61935.9687607925,362596.935390565,193134.631286245,163511.947853067,"unassigned","unassigned","unassigned","","","",NA
"288","ASV409",465843.66883053,1129754.57955922,924093.732575879,982811.167178887,"unassigned","unassigned","unassigned","","","",NA
"289","ASV41",21916.4905658516,664821.603016246,214198.31449962,163511.947853067,"benthic","Monothalamea","CladeG","Shepheardellidae","Nemogullmia","Nemogullmia_sp",0.93
"290","ASV410",228366.448947434,228366.448947434,228366.448947434,228366.448947434,"unassigned","unassigned","unassigned","","","",NA
"291","ASV411",65274.0726219047,90246.7700513288,77760.4213366168,77760.4213366168,"unassigned","unassigned","unassigned","","","",NA
"292","ASV412",32589.4941201043,1081900.31926245,287668.110546054,144233.531687712,"benthic","Monothalamea","CladeB","CladeB_X","CladeB_XX","CladeB_XX_sp",0.946
"293","ASV415",54915.0953724897,317962.039557245,140560.290907001,93358.9219093912,"benthic","Monothalamea","CladeE","Psammophagidae","Psammophaga","Psammophaga_crystallifera",0.924
"294","ASV417",54915.0953724897,622521.966496129,267144.273527248,305811.394101557,"benthic","Monothalamea","CladeE","Psammophagidae","Psammophaga","Psammophaga_sp",0.993
"295","ASV419",57826.4032599906,491910.459986912,357186.408134836,405308.516761432,"benthic","Monothalamea","CladeV","CladeV_X","CladeV_XX","CladeV_XX_sp",0.968
"296","ASV42",123161.775715499,232591.851392527,171921.954815621,135632.147788776,"benthic","Globothalamea","Rotaliida","Nonionidae","Nonionellina","Nonionellina_labradorica",1
"297","ASV421",222683.198313936,286708.370743014,254695.784528475,254695.784528475,"benthic","Monothalamea","ENFOR","ENFOR_X","ENFOR_XX","ENFOR_XX_sp",0.942
"298","ASV424",65274.0726219047,684434.687343133,276760.108668231,166310.636733811,"unassigned","unassigned","unassigned","","","",NA
"299","ASV43",21916.4905658516,1183312.08755063,463931.336099467,366752.634585155,"benthic","Monothalamea","CladeG","CladeG_X","CladeG_XX","CladeG_XX_sp",0.908
"300","ASV433",32589.4941201043,65274.0726219047,48931.7833710045,48931.7833710045,"unassigned","unassigned","unassigned","","","",NA
"301","ASV437",48031.229720011,280091.157503738,164061.193611875,164061.193611875,"unassigned","unassigned","unassigned","","","",NA
"302","ASV438",317962.039557245,861096.211268488,503655.176963195,409049.26841239,"benthic","Monothalamea","ENFOR2","ENFOR2_X","ENFOR2_XX","ENFOR2_XX_sp",0.911
"303","ASV439",55726.3734476538,1081900.31926245,356523.439021382,144233.531687712,"benthic","Monothalamea","CladeC","CladeC_X","CladeC_XX","CladeC_XX_sp",0.958
"304","ASV441",57826.4032599906,123093.268052188,90459.8356560895,90459.8356560895,"benthic","Monothalamea","CladeG","Shepheardellidae","Shepheardellidae_X","Shepheardellidae_X_sp",0.979
"305","ASV445",55726.3734476538,311641.670255125,220107.365254049,292954.052059369,"benthic","Globothalamea","Textulariida","Trochamminidae","Trochammina","Trochammina_hadai",0.915
"306","ASV448",32589.4941201043,329454.343544947,181021.918832526,181021.918832526,"benthic","Monothalamea","ENFOR9","ENFOR9_X","ENFOR9_XX","ENFOR9_XX_sp",0.983
"307","ASV45",123073.308719948,738887.938484313,401342.599348152,387657.740390461,"benthic","Globothalamea","Rotaliida","Melonidae","","",1
"308","ASV456",294696.060254371,667852.027674485,413005.843732865,344737.643501301,"benthic","Monothalamea","CladeG","Shepheardellidae","Shepheardellidae_X","Shepheardellidae_X_sp",0.979
"309","ASV458",305811.394101557,407907.079623575,384946.862562831,401554.379732724,"unassigned","unassigned","unassigned","","","",NA
"310","ASV462",240529.614661747,1170861.99940576,935786.024390646,1081900.31926245,"benthic","Monothalamea","ENFOR","ENFOR_X","ENFOR_XX","ENFOR_XX_sp",0.93
"311","ASV464",55726.3734476538,55726.3734476538,55726.3734476538,55726.3734476538,"unassigned","unassigned","unassigned","","","",NA
"312","ASV465",345818.847325268,345818.847325268,345818.847325268,345818.847325268,"unassigned","unassigned","unassigned","","","",NA
"313","ASV468",63215.9203628152,401554.379732724,232385.15004777,232385.15004777,"benthic","Monothalamea","CladeG","Shepheardellidae","Nemogullmia","Nemogullmia_sp",0.952
"314","ASV469",93358.9219093912,163511.947853067,128435.434881229,128435.434881229,"benthic","Monothalamea","Monothalamea_X","Monothalamea_XX","Monothalamea_XXX","Monothalamea_XXX_sp",0.941
"315","ASV471",213283.615331059,213283.615331059,213283.615331059,213283.615331059,"benthic","Monothalamea","CladeG","","","",0.931
"316","ASV474",240529.614661747,240529.614661747,240529.614661747,240529.614661747,"benthic","Globothalamea","Rotaliida","Cibicididae","Cibicidoides","Cibicidoides_lobatulus",1
"317","ASV477",53889.687538777,583972.793944275,330656.885473676,297787.36318178,"benthic","Monothalamea","CladeG","Shepheardellidae","Nemogullmia","Nemogullmia_sp",0.924
"318","ASV48",54915.0953724897,409049.26841239,252799.637128373,269254.062574363,"benthic","Monothalamea","CladeD","Hippocrepinellidae","Hippocrepinella","Hippocrepinella_sp",1
"319","ASV480",240529.614661747,1130224.20019479,647171.973626804,608967.039825339,"benthic","Globothalamea","Textulariida","Reophacidae","Reophax","Reophax_dentaliniformis",0.959
"320","ASV481",32589.4941201043,55726.3734476538,40301.7872292875,32589.4941201043,"benthic","Monothalamea","CladeG","Shepheardellidae","Nemogullmia","Nemogullmia_sp",0.931
"321","ASV484",54915.0953724897,1055540.40409451,306513.458091009,220865.59859268,"benthic","Globothalamea","Textulariida","Reophacidae","Reophax","Reophax_sp",1
"322","ASV485",65274.0726219047,241006.639994117,129905.187679885,106670.019051759,"unassigned","unassigned","unassigned","","","",NA
"323","ASV486",1028126.87833231,1207836.52525493,1136895.0344787,1144452.23705602,"benthic","Monothalamea","ENFOR8","ENFOR8_X","ENFOR8_XX","ENFOR8_XX_sp",0.91
"324","ASV487",536307.788412428,583972.793944275,560140.291178352,560140.291178352,"unassigned","unassigned","unassigned","","","",NA
"325","ASV490",48031.229720011,1130224.20019479,524618.028477645,398515.347910593,"unassigned","unassigned","unassigned","","","",NA
"326","ASV491",90246.7700513288,366907.296486779,173394.271037356,140177.542810967,"unassigned","unassigned","unassigned","","","",NA
"327","ASV493",240529.614661747,1118750.72207472,866385.007808457,984278.538789707,"benthic","Globothalamea","Textulariida","Reophacidae","Reophax","Reophax_scorpiurus",0.908
"328","ASV495",240529.614661747,240529.614661747,240529.614661747,240529.614661747,"benthic","Globothalamea","Rotaliida","Rosalinidae","Rosalina","Rosalina_sp",1
"329","ASV497",264622.487950346,329454.343544947,308817.708309132,320597.000870617,"benthic","Monothalamea","ENFOR2","ENFOR2_X","ENFOR2_XX","ENFOR2_XX_sp",0.984
"330","ASV5",42960.6290146066,647006.230654427,259518.300145051,248025.216257085,"benthic","Monothalamea","CladeA","Limaxiidae","Limaxia","Limaxia_alba",1
"331","ASV50",32589.4941201043,664821.603016246,260138.130977604,219004.54113253,"benthic","Monothalamea","CladeG","CladeG_X","CladeG_XX","CladeG_XX_sp",0.938
"332","ASV500",123073.308719948,409049.26841239,257259.541839983,305811.394101557,"unassigned","unassigned","unassigned","","","",NA
"333","ASV502",21916.4905658516,511507.172237985,246046.426255381,204715.615962307,"benthic","Monothalamea","CladeV","CladeV_X","CladeV_XX","CladeV_XX_sp",1
"334","ASV505",63215.9203628152,622521.966496129,350268.206829434,365066.733629358,"benthic","Monothalamea","CladeG","Shepheardellidae","Nemogullmia","Nemogullmia_sp",0.937
"335","ASV506",363522.444844654,1130224.20019479,740912.23590035,681626.291238249,"benthic","Monothalamea","CladeG","Shepheardellidae","Shepheardellidae_X","Shepheardellidae_X_sp",0.938
"336","ASV507",135632.147788776,380791.580877193,289401.595848782,351781.058880377,"benthic","Monothalamea","CladeF","CladeF_X","CladeF_XX","CladeF_XX_sp",0.988
"337","ASV509",32589.4941201043,140177.542810967,82071.9699010762,77760.4213366168,"unassigned","unassigned","unassigned","","","",NA
"338","ASV51",123073.308719948,1170861.99940576,603938.957213972,681626.291238249,"benthic","Globothalamea","Textulariida","Reophacidae","Reophax","Reophax_sp",0.923
"339","ASV519",65274.0726219047,140177.542810967,104697.913384097,106670.019051759,"unassigned","unassigned","unassigned","","","",NA
"340","ASV523",861096.211268488,1118750.72207472,1032503.50229342,1117663.57353705,"benthic","Globothalamea","Rotaliida","Uvigerinidae","Trifarina","Trifarina_earlandii",0.947
"341","ASV524",32589.4941201043,241006.639994117,139468.686967164,142139.306877217,"unassigned","unassigned","unassigned","","","",NA
"342","ASV529",32589.4941201043,491910.459986912,238913.963698129,222683.198313936,"benthic","Monothalamea","CladeA","CladeA_X","CladeA_XX","CladeA_XX_sp",0.953
"343","ASV53",7636.3439032831,1207836.52525493,448372.373638741,381120.655198361,"benthic","Monothalamea","CladeY","CladeY_X","CladeY_XX","CladeY_XX_sp",1
"344","ASV530",48021.198533344,135632.147788776,91826.6731610598,91826.6731610598,"benthic","Monothalamea","CladeY","CladeY_X","CladeY_XX","CladeY_XX_sp",1
"345","ASV531",61935.9687607925,61935.9687607925,61935.9687607925,61935.9687607925,"benthic","Monothalamea","ENFOR2","ENFOR2_X","ENFOR2_XX","ENFOR2_XX_sp",0.936
"346","ASV533",48021.198533344,317962.039557245,153054.580631509,123117.542217724,"benthic","Monothalamea","CladeY","CladeY_X","CladeY_XX","CladeY_XX_sp",1
"347","ASV539",21916.4905658516,21916.4905658516,21916.4905658516,21916.4905658516,"unassigned","unassigned","unassigned","","","",NA
"348","ASV54",75954.0584045058,468927.314364479,309540.889118505,357671.159640335,"benthic","Globothalamea","Rotaliida","Globobuliminidae","Globobulimina","Globobulimina_auriculata",1
"349","ASV542",1030952.26593743,1144452.23705602,1084414.24549489,1081900.31926245,"benthic","Monothalamea","CladeBM","CladeBM_X","","",1
"350","ASV546",42960.6290146066,207072.595916623,94782.7050516031,57826.4032599906,"benthic","Monothalamea","ENFOR","ENFOR_X","ENFOR_XX","ENFOR_XX_sp",0.966
"351","ASV554",46094.1938443774,375694.316899911,260222.440869698,273828.620340907,"unassigned","unassigned","unassigned","","","",NA
"352","ASV555",32589.4941201043,684434.687343133,333263.729072516,239722.282306493,"unassigned","unassigned","unassigned","","","",NA
"353","ASV56",21916.4905658516,681626.291238249,301437.257894634,319038.01372169,"benthic","Monothalamea","CladeD","Hippocrepinellidae","Hippocrepinella","Hippocrepinella_sp",0.992
"354","ASV563",240529.614661747,1183312.08755063,554790.43895804,240529.614661747,"unassigned","unassigned","unassigned","","","",NA
"355","ASV566",32589.4941201043,1117663.57353705,228821.108093469,90246.7700513288,"benthic","Globothalamea","Robertinida","Robertinidae","Robertina","Robertina_arctica",0.915
"356","ASV568",65274.0726219047,90246.7700513288,77760.4213366168,77760.4213366168,"benthic","Monothalamea","CladeBM","CladeBM_X","Micrometula","Micrometula_sp",0.939
"357","ASV57",54915.0953724897,1068371.3232193,281535.87916632,230674.166100648,"benthic","Globothalamea","Rotaliida","Cibicididae","","",1
"358","ASV570",228500.596020837,365307.0875536,311382.42345332,340339.586785523,"benthic","Monothalamea","Monothalamea_X","Monothalamea_XX","Monothalamea_XXX","Monothalamea_XXX_sp",0.918
"359","ASV573",35015.2323087072,321222.224126152,200155.748498408,215628.835363062,"unassigned","unassigned","unassigned","","","",NA
"360","ASV576",54915.0953724897,130440.57652179,92677.8359471396,92677.8359471396,"benthic","Monothalamea","CladeA","CladeA_X","CladeA_XX","CladeA_XX_sp",0.992
"361","ASV58",54915.0953724897,1062502.54750933,365155.324099345,364867.754778094,"unassigned","unassigned","unassigned","","","",NA
"362","ASV580",292954.052059369,329454.343544947,310075.865548763,308164.630942187,"benthic","Monothalamea","CladeD","Hippocrepinellidae","Hippocrepinella","Hippocrepinella_sp",0.984
"363","ASV587",7636.3439032831,622521.966496129,320028.968939865,386105.768033338,"benthic","Monothalamea","CladeB","CladeB_X","Pelosina","Pelosina_sp",1
"364","ASV590",48021.198533344,861096.211268488,302226.839004828,329150.813171384,"unassigned","unassigned","unassigned","","","",NA
"365","ASV594",42960.6290146066,265866.367016045,143973.421360947,123093.268052188,"benthic","Globothalamea","Textulariida","","","",0.968
"366","ASV6",32589.4941201043,1170861.99940576,531253.935657575,464087.546819089,"benthic","Globothalamea","Rotaliida","Rotaliida_X","Rotaliida_XX","Rotaliida_XX_sp",0.992
"367","ASV60",54915.0953724897,1108898.5779568,684276.875475763,786646.914286883,"benthic","Monothalamea","CladeG","CladeG_X","CladeG_XX","CladeG_XX_sp",0.938
"368","ASV604",65274.0726219047,1112035.10120924,587364.065786232,586073.54465689,"benthic","Monothalamea","Monothalamea_X","Monothalamea_XX","Monothalamea_XXX","Monothalamea_XXX_sp",0.911
"369","ASV61",32589.4941201043,491910.459986912,221656.513106463,225909.606533046,"benthic","Monothalamea","CladeG","CladeG_X","CladeG_XX","CladeG_XX_sp",0.938
"370","ASV611",340339.586785523,684434.687343133,512387.137064328,512387.137064328,"benthic","Monothalamea","CladeC","CladeC_X","","",0.908
"371","ASV617",239722.282306493,239722.282306493,239722.282306493,239722.282306493,"unassigned","unassigned","unassigned","","","",NA
"372","ASV618",240529.614661747,1118750.72207472,732700.228622691,861096.211268488,"benthic","Globothalamea","Rotaliida","Pulleniidae","Pullenia","Pullenia_sp",0.968
"373","ASV62",48021.198533344,622521.966496129,250983.98889212,287532.72833796,"benthic","Monothalamea","CladeE","Psammophagidae","Psammophaga","Psammophaga_sp",1
"374","ASV626",61935.9687607925,622521.966496129,310277.792912595,353682.88691714,"benthic","Monothalamea","CladeG","Shepheardellidae","Nemogullmia","Nemogullmia_sp",0.914
"375","ASV63",21916.4905658516,705021.393081045,278519.157225286,241038.174809832,"benthic","Globothalamea","Textulariida","Reophacidae","Reophax","Reophax_helenae",1
"376","ASV630",123073.308719948,388768.487284111,304444.784335693,352968.670669357,"unassigned","unassigned","unassigned","","","",NA
"377","ASV631",565119.614757287,565119.614757287,565119.614757287,565119.614757287,"unassigned","unassigned","unassigned","","","",NA
"378","ASV637",35015.2323087072,321222.224126152,192973.551582931,222683.198313936,"benthic","Globothalamea","Rotaliida","Pseudoparrellidae","","",0.938
"379","ASV64",21916.4905658516,409049.26841239,162505.263013527,162970.205112177,"benthic","Monothalamea","CladeD","Hippocrepinellidae","Hippocrepinella","Hippocrepinella_sp",0.984
"380","ASV644",21916.4905658516,262910.706997931,129562.268294429,113345.428135762,"unassigned","unassigned","unassigned","","","",NA
"381","ASV649",61935.9687607925,305811.394101557,129081.903598758,86989.057051617,"unassigned","unassigned","unassigned","","","",NA
"382","ASV65",65274.0726219047,705021.393081045,265508.979480671,241006.639994117,"benthic","Globothalamea","Textulariida","Reophacidae","Reophax","Reophax_sp",1
"383","ASV654",48031.229720011,906816.806696072,549166.026591913,620908.034975784,"benthic","Monothalamea","CladeC","CladeC_X","Cylindrogullmia","Cylindrogullmia_sp",0.914
"384","ASV657",240529.614661747,906816.806696072,636187.605259684,698701.999840458,"benthic","Monothalamea","CladeC","CladeC_X","CladeC_XX","CladeC_XX_sp",0.948
"385","ASV658",48031.229720011,861096.211268488,392303.518437144,324403.559975241,"benthic","Monothalamea","ENFOR7","ENFOR7_X","ENFOR7_XX","ENFOR7_XX_sp",0.938
"386","ASV661",48021.198533344,365307.0875536,183075.187107367,138211.55095619,"benthic","Globothalamea","Rotaliida","Nonionidae","Nonionellina","Nonionellina_labradorica",0.993
"387","ASV67",32589.4941201043,474415.56191831,141106.979622334,65226.0076296909,"benthic","Globothalamea","Rotaliida","Rosalinidae","Rupertina","Rupertina_sp",1
"388","ASV670",65274.0726219047,684434.687343133,374045.634069514,311739.658196287,"benthic","Monothalamea","CladeC","CladeC_X","CladeC_XX","CladeC_XX_sp",0.963
"389","ASV672",232740.68992777,616165.852358866,376332.566596791,280091.157503738,"unassigned","unassigned","unassigned","","","",NA
"390","ASV675",240529.614661747,1144452.23705602,887337.118409582,1072943.95552461,"benthic","Globothalamea","Rotaliida","","","",0.908
"391","ASV676",54915.0953724897,407907.079623575,224768.536404853,218125.985311673,"unassigned","unassigned","unassigned","","","",NA
"392","ASV677",35015.2323087072,35015.2323087072,35015.2323087072,35015.2323087072,"unassigned","unassigned","unassigned","","","",NA
"393","ASV678",65274.0726219047,491910.459986912,240700.854370559,254695.784528475,"benthic","Monothalamea","CladeC","CladeC_X","CladeC_XX","CladeC_XX_sp",1
"394","ASV679",362596.935390565,362596.935390565,362596.935390565,362596.935390565,"unassigned","unassigned","unassigned","","","",NA
"395","ASV685",135632.147788776,305811.394101557,193218.364282174,138211.55095619,"benthic","Monothalamea","CladeL_O","CladeL_O_X","","",0.905
"396","ASV688",32589.4941201043,90246.7700513288,61418.1320857165,61418.1320857165,"unassigned","unassigned","unassigned","","","",NA
"397","ASV69",35015.2323087072,1203929.98409536,475164.167017984,344260.500586636,"unassigned","unassigned","unassigned","","","",NA
"398","ASV694",61935.9687607925,240482.733608616,145325.118331717,139440.88547873,"benthic","Monothalamea","ENFOR2","ENFOR2_X","ENFOR2_XX","ENFOR2_XX_sp",0.983
"399","ASV695",200993.484679604,270936.236778257,243244.289901554,251904.497220646,"unassigned","unassigned","unassigned","","","",NA
"400","ASV699",7636.3439032831,462677.079538901,203027.258973393,135632.147788776,"benthic","Monothalamea","CladeG","Shepheardellidae","Nemogullmia","Nemogullmia_sp",0.945
"401","ASV7",61935.9687607925,526638.220782044,328381.930960491,353018.42342524,"benthic","Globothalamea","Textulariida","Ammosphaeroidinidae","Cribrostomoides","Cribrostomoides_crassimargo",1
"402","ASV70",7636.3439032831,1170861.99940576,494504.274257791,401554.379732724,"benthic","Monothalamea","CladeG","Shepheardellidae","Shepheardellidae_X","Shepheardellidae_X_sp",0.952
"403","ASV705",65274.0726219047,1170861.99940576,474434.857192204,330801.678370575,"unassigned","unassigned","unassigned","","","",NA
"404","ASV71",21916.4905658516,1130224.20019479,414223.366604523,316607.576640531,"benthic","Monothalamea","CladeV","CladeV_X","CladeV_XX","CladeV_XX_sp",1
"405","ASV715",536307.788412428,647006.230654427,611494.601141443,631332.192749457,"unassigned","unassigned","unassigned","","","",NA
"406","ASV716",204715.615962307,646498.533140049,425607.074551178,425607.074551178,"benthic","Monothalamea","CladeC","CladeC_X","Hippocrepinella","Hippocrepinella_alba",1
"407","ASV717",536307.788412428,1113610.09769498,852244.897601162,906816.806696072,"unassigned","unassigned","unassigned","","","",NA
"408","ASV72",21916.4905658516,398515.347910593,210482.564247615,226197.772569245,"unassigned","unassigned","unassigned","","","",NA
"409","ASV720",80619.1921938428,80619.1921938428,80619.1921938428,80619.1921938428,"benthic","Globothalamea","Rotaliida","Notorotaliidae","Buccella","Buccella_sp",0.968
"410","ASV73",54915.0953724897,1055540.40409451,343489.451959273,314174.452420645,"benthic","Monothalamea","CladeE","Psammophagidae","Psammophaga","Psammophaga_sp",1
"411","ASV731",54915.0953724897,305811.394101557,216350.520847971,240482.733608616,"benthic","Monothalamea","CladeG","Shepheardellidae","Shepheardellidae_X","Shepheardellidae_X_sp",0.905
"412","ASV733",135632.147788776,272418.940791479,182087.546512148,138211.55095619,"unassigned","unassigned","unassigned","","","",NA
"413","ASV735",48031.229720011,398515.347910593,288448.365225726,353623.441636151,"unassigned","unassigned","unassigned","","","",NA
"414","ASV738",75954.0584045058,356483.631791926,216218.845098216,216218.845098216,"benthic","Monothalamea","Monothalamea_X","Monothalamea_XX","ICEMON_5","ICEMON_5_sp",0.933
"415","ASV74",123073.308719948,738887.938484313,376566.898747102,376649.814040984,"benthic","Globothalamea","Rotaliida","Pseudoparrellidae","","",0.917
"416","ASV749",167048.013443052,322537.510739733,244792.762091392,244792.762091392,"benthic","Globothalamea","Rotaliida","Rotaliida_X","Rotaliida_XX","Rotaliida_XX_sp",0.976
"417","ASV75",32589.4941201043,1207836.52525493,431602.886124477,332666.504825263,"benthic","Monothalamea","CladeA","CladeA_X","CladeA_XX","CladeA_XX_sp",0.992
"418","ASV751",213283.615331059,215628.835363062,214456.22534706,214456.22534706,"unassigned","unassigned","unassigned","","","",NA
"419","ASV76",46094.1938443774,1028126.87833231,370918.911128858,353018.42342524,"benthic","Monothalamea","CladeY","CladeY_X","CladeY_XX","CladeY_XX_sp",1
"420","ASV765",32589.4941201043,280091.157503738,162866.306341973,171784.784428403,"benthic","Monothalamea","CladeY","CladeY_X","CladeY_XX","CladeY_XX_sp",1
"421","ASV766",213283.615331059,329454.343544947,260454.443335831,222683.198313936,"benthic","Monothalamea","CladeC","CladeC_X","CladeC_XX","CladeC_XX_sp",0.948
"422","ASV768",54915.0953724897,407907.079623575,170704.339123836,96828.2484423024,"unassigned","unassigned","unassigned","","","",NA
"423","ASV77",65274.0726219047,1170861.99940576,367888.835717856,294696.060254371,"benthic","Monothalamea","CladeG","CladeG_X","CladeG_XX","CladeG_XX_sp",0.908
"424","ASV78",46094.1938443774,1144452.23705602,453426.328873547,365307.0875536,"benthic","Monothalamea","CladeBM","CladeBM_X","Micrometula","Micrometula_sp",1
"425","ASV780",693470.71843196,1130224.20019479,865069.938221319,818292.417129262,"unassigned","unassigned","unassigned","","","",NA
"426","ASV784",55726.3734476538,140177.542810967,97951.9581293104,97951.9581293104,"benthic","Globothalamea","Rotaliida","Rosalinidae","Rupertina","Rupertina_sp",0.949
"427","ASV79",42960.6290146066,1170861.99940576,508572.613538524,251904.497220646,"unassigned","unassigned","unassigned","","","",NA
"428","ASV799",35015.2323087072,35015.2323087072,35015.2323087072,35015.2323087072,"unassigned","unassigned","unassigned","","","",NA
"429","ASV8",123073.308719948,409049.26841239,269410.024740729,276255.049147609,"benthic","Globothalamea","Textulariida","Reophacidae","Reophax","Reophax_dentaliniformis",1
"430","ASV80",162970.205112177,386546.993496812,298230.683091694,272418.940791479,"benthic","Monothalamea","CladeY","CladeY_X","CladeY_XX","CladeY_XX_sp",1
"431","ASV812",366907.296486779,861096.211268488,614001.753877633,614001.753877633,"benthic","Monothalamea","CladeG","Shepheardellidae","Nemogullmia","Nemogullmia_sp",1
"432","ASV813",96250.2797497349,388768.487284111,259907.843401596,234044.365626964,"benthic","Monothalamea","CladeG","CladeG_X","CladeG_XX","CladeG_XX_sp",0.95
"433","ASV814",324730.507469159,333981.40396105,330106.677759714,331608.121848934,"unassigned","unassigned","unassigned","","","",NA
"434","ASV82",48021.198533344,491910.459986912,287058.625817254,316480.94116122,"benthic","Monothalamea","CladeC","CladeC_X","","",1
"435","ASV83",61935.9687607925,63215.9203628152,62789.2698288076,63215.9203628152,"benthic","Monothalamea","CladeG","Shepheardellidae","Nemogullmia","Nemogullmia_sp",0.944
"436","ASV833",362596.935390565,468927.314364479,431400.443097982,462677.079538901,"benthic","Monothalamea","Monothalamea_X","Monothalamea_XX","Monothalamea_XXX","Monothalamea_XXX_ICEMON_3",1
"437","ASV836",93358.9219093912,1113610.09769498,534643.353376939,465802.19695169,"unassigned","unassigned","unassigned","","","",NA
"438","ASV839",54915.0953724897,54915.0953724897,54915.0953724897,54915.0953724897,"unassigned","unassigned","unassigned","","","",NA
"439","ASV840",46094.1938443774,388228.836803037,259715.685237967,257887.721329619,"unassigned","unassigned","unassigned","","","",NA
"440","ASV85",32589.4941201043,1170861.99940576,510203.304870452,470897.659136607,"benthic","Monothalamea","CladeD","Hippocrepinellidae","Hippocrepinella","Hippocrepinella_sp",1
"441","ASV850",536307.788412428,1088175.07493381,893067.967367082,906816.806696072,"benthic","Globothalamea","Rotaliida","Cibicididae","Cibicides","Cibicides_sp",0.968
"442","ASV853",90246.7700513288,123093.268052188,106670.019051759,106670.019051759,"unassigned","unassigned","unassigned","","","",NA
"443","ASV86",48021.198533344,409049.26841239,219372.258669762,269254.062574363,"benthic","Monothalamea","CladeE","Psammophagidae","Psammophaga","Psammophaga_sp",0.993
"444","ASV860",329445.407648894,345818.847325268,337632.127487081,337632.127487081,"benthic","Monothalamea","CladeC","CladeC_X","Hippocrepinella","Hippocrepinella_alba",0.905
"445","ASV865",273493.092239242,333113.697924388,307251.562467973,311199.729854131,"benthic","Globothalamea","Textulariida","Reophacidae","Reophax","Reophax_sp",0.922
"446","ASV868",32589.4941201043,140177.542810967,73441.8707501575,60500.2230347793,"benthic","Monothalamea","CladeC","CladeC_X","Gloiogullmia","Gloiogullmia_sp",0.984
"447","ASV873",46094.1938443774,46094.1938443774,46094.1938443774,46094.1938443774,"unassigned","unassigned","unassigned","","","",NA
"448","ASV876",536307.788412428,1062502.54750933,799405.167960878,799405.167960878,"unassigned","unassigned","unassigned","","","",NA
"449","ASV877",215628.835363062,222683.198313936,219156.016838499,219156.016838499,"unassigned","unassigned","unassigned","","","",NA
"450","ASV887",305811.394101557,353018.42342524,329414.908763399,329414.908763399,"unassigned","unassigned","unassigned","","","",NA
"451","ASV893",239722.282306493,262910.706997931,251316.494652212,251316.494652212,"unassigned","unassigned","unassigned","","","",NA
"452","ASV898",35015.2323087072,329454.343544947,182234.787926827,182234.787926827,"unassigned","unassigned","unassigned","","","",NA
"453","ASV9",48031.229720011,1207836.52525493,798581.251610923,1028126.87833231,"benthic","Globothalamea","Rotaliida","Stainforthiidae","Stainforthia","Stainforthia_sp",0.923
"454","ASV90",340339.586785523,340339.586785523,340339.586785523,340339.586785523,"unassigned","unassigned","unassigned","","","",NA
"455","ASV900",135632.147788776,272418.940791479,182087.546512148,138211.55095619,"unassigned","unassigned","unassigned","","","",NA
"456","ASV903",80619.1921938428,1061740.27088334,583523.88684107,608212.197446027,"unassigned","unassigned","unassigned","","","",NA
"457","ASV906",215628.835363062,222683.198313936,219156.016838499,219156.016838499,"benthic","Globothalamea","Rotaliida","Buliminidae","Bulimina","Bulimina_elongata",0.917
"458","ASV912",54915.0953724897,684434.687343133,311605.33644816,250903.447668041,"unassigned","unassigned","unassigned","","","",NA
"459","ASV917",336588.628446951,468927.314364479,401844.432275972,400930.893146229,"benthic","Monothalamea","ENFOR2","ENFOR2_X","ENFOR2_XX","ENFOR2_XX_sp",0.927
"460","ASV92",54915.0953724897,1055540.40409451,371618.279886854,337777.967082487,"benthic","Monothalamea","CladeY","CladeY_X","CladeY_XX","CladeY_XX_sp",1
"461","ASV93",7636.3439032831,463376.907440582,238228.270037126,239952.957703101,"benthic","Monothalamea","CladeC","Bathyallogromiidae","Bathyallogromia","Bathyallogromia_kalaallita",1
"462","ASV930",90246.7700513288,140177.542810967,115212.156431148,115212.156431148,"benthic","Monothalamea","CladeG","Shepheardellidae","Nemogullmia","Nemogullmia_sp",0.903
"463","ASV931",294696.060254371,308164.630942187,301430.345598279,301430.345598279,"unassigned","unassigned","unassigned","","","",NA
"464","ASV932",32589.4941201043,616165.852358866,195490.686386226,66603.6995329677,"unassigned","unassigned","unassigned","","","",NA
"465","ASV933",32589.4941201043,1144452.23705602,588520.865588064,588520.865588064,"benthic","Monothalamea","CladeG","Shepheardellidae","Nemogullmia","Nemogullmia_sp",0.938
"466","ASV934",32589.4941201043,90246.7700513288,59520.8792063623,55726.3734476538,"benthic","Monothalamea","ENFOR2","ENFOR2_X","ENFOR2_XX","ENFOR2_XX_sp",0.942
"467","ASV937",805587.207051306,861096.211268488,833341.709159897,833341.709159897,"benthic","Monothalamea","Monothalamea_X","Monothalamea_XX","Monothalamea_XXX","Monothalamea_XXX_sp",1
"468","ASV94",54915.0953724897,622521.966496129,283583.780087008,305811.394101557,"benthic","Monothalamea","CladeE","Psammophagidae","Psammophaga","Psammophaga_sp",1
"469","ASV95",32589.4941201043,140177.542810967,81650.0761980541,76770.3789211,"benthic","Monothalamea","Monothalamea_X","Monothalamea_XX","Monothalamea_XXX","Monothalamea_XXX_sp",0.919
"470","ASV952",65274.0726219047,321222.224126152,148002.775532508,123093.268052188,"unassigned","unassigned","unassigned","","","",NA
"471","ASV954",32589.4941201043,65274.0726219047,48931.7833710045,48931.7833710045,"benthic","Monothalamea","CladeC","CladeC_X","Pilulina","Pilulina_argentea",0.962
"472","ASV96",61935.9687607925,468927.314364479,211954.022394202,93358.9219093912,"benthic","Monothalamea","CladeG","CladeG_X","CladeG_XX","CladeG_XX_sp",0.944
"473","ASV97",7636.3439032831,401554.379732724,256795.039664737,305811.394101557,"benthic","Globothalamea","Robertinida","Robertinidae","Robertina","Robertina_arctica",1
"474","ASV974",65274.0726219047,65274.0726219047,65274.0726219047,65274.0726219047,"unassigned","unassigned","unassigned","","","",NA
"475","ASV98",256952.073744236,1203929.98409536,539400.21977414,349867.959133821,"benthic","Monothalamea","CladeY","CladeY_X","CladeY_XX","CladeY_XX_sp",0.99
"476","ASV980",265866.367016045,317962.039557245,287973.188025676,280091.157503738,"unassigned","unassigned","unassigned","","","",NA
"477","ASV982",65226.0076296909,207072.595916623,136149.301773157,136149.301773157,"unassigned","unassigned","unassigned","","","",NA
"478","ASV986",366907.296486779,861096.211268488,614001.753877633,614001.753877633,"benthic","Monothalamea","ENFOR8","ENFOR8_X","ENFOR8_XX","ENFOR8_XX_sp",0.947
"479","ASV991",465843.66883053,681626.291238249,561259.249493736,536307.788412428,"benthic","Globothalamea","Textulariida","Reophacidae","Reophax","Reophax_dentaliniformis",0.967
